问题,预期意图
量子科技股票有那些,选股类
长信科技怎么样,诊股类
领益智造明天涨停的几率大,预测类
指南针APP的设置在哪,知识库类
分析一下合纵科技可否建仓,诊股类
分析一下合众科技,诊股类
600026趋势,诊股类
分析三花智控,诊股类
个股分析,诊股类
卫星制造核心五家公司,选股类
计算机应用那个是龙头股票,选股类
五个等级最高的如何表示,知识库类
利欧股份如何,诊股类
神州泰岳,诊股类
当前最热门的概念,选股类
如何设置指纹登陆,知识库类
A五是什么意思,知识库类
分析卫宁健康,诊股类
符合北向同时满足连续≥5日净流入、机构连续≥3日净买入、融资余额环比增≥10%、股东户数连续下降、机构持仓环比提升条件的十支股票。,选股类
明天鹏辉能源怎么操作？,预测类
散化智控,诊股类
领益智造明天涨停的几率大吗,预测类
黄金坑突破选股条件,选股类
供求资金-拉升打压，在25以上的个股找出来。,选股类
股价大于34.89的股票有哪些,选股类
1日主力资金资金多次增仓在4%以上的股票,选股类
选一下明天可买入的股票,推荐类
天桥起重明天适合买吗,预测类
类似于003010现阶段走向的股票,选股类
航天制造,诊股类
分析一下纳睿雷达,诊股类
分析一下300278,诊股类
看一下002177,诊股类
有需要关注的相关 AI个股吗？,选股类
亚太股份,诊股类
分析山花智控,诊股类
风险等级如何表示,知识库类
明天买什么？,推荐类
AI概念成分股,选股类
分析一下润达医疗,诊股类
分析一下世纪华通。,诊股类
1月7日股价活跃度处于黄色1月8日股价活跃度处红色的股票,选股类
金域医学,诊股类
计算机应用龙头股票,选股类
力鸿一号飞行器相关的股票有哪些,选股类
春秋电子怎么样,诊股类
麦高证券下载地址,知识库类
商业航天才涨了三天的低价股叫什么,选股类
江山股份,诊股类
三花智控,诊股类
中国平安,诊股类
风险有多少等级,知识库类
福田汽车股价为什么那么低,诊股类
我的风险等级是多少？怎么查看,知识库类
如何寻找擒龙出击按钮勾选突破个股选项,知识库类
特色课堂在哪里,知识库类
120日黄金坑近期进入突破区，480亿黄金坑近期进入突破区,选股类
计算机应用那些成份股表现好,选股类
分析天娱数科的走势,诊股类
刚开仓的股票,选股类
航发控制怎么样,诊股类
黄金坑突破怎么使用,知识库类
白银有色,诊股类
分析下保变电气,诊股类
万向前潮尾盘主力出了多少,指标查询类
领益智造一字板涨停了那些股票会承接资金,选股类
分析‘300003’投资前景。,诊股类
K线图上有S上有△是什么意思,知识库类
推荐给我股票,推荐类
昆仑万维,诊股类
青龙平台的特色新闻,新闻类
怎样看之前某天的分时图？,知识库类
Ai有哪些股票,选股类
华胜天成可以持有吗,诊股类
航天智造,诊股类
中国卫通股市明天走势,预测类
手机版指南针软件怎样看之前某天的分时图？,知识库类
分析一下纳睿数据,诊股类
AI概念成分股底部放量的,选股类
商业航天才涨了三天的股叫什么,选股类
工业富联明日股市如何,预测类
国瓷材料,诊股类
擒龙平台擒龙出击如何操作,知识库类
1月8日前股价活跃值小于12，之后大于12的股票,选股类
利君股份怎么样,诊股类
分析一下中国卫通后续走势如何，今天追进去了，是否可以继续持有,预测类
万向钱潮尾盘主力出了多少,诊股类
透景生命,诊股类
推荐一个AI价值高且潜力无限大的位置,推荐类
1月9日股价活跃度处于黄色1月12日股价活跃度处红色的股票,选股类
上升趋势，主板，非st，流通值大于100亿，10日线附近,选股类
上升通道，主板，非st，流通值大于100亿，10日线附近,选股类
商业航空十软件,选股类
中科创达今天收盘一根光头阳线，并且资金流入较大，是否可以继续持有,诊股类
分析一下翠微股份,诊股类
高股息股票排行,选股类
紫色的是什么意思,知识库类
卡位是什么,知识库类
早出现在今天涨停前10名的股票概念趋势,选股类
300707未来可能走势,预测类
找出人气前10名的股票概念涨停,选股类
上个月大涨的有哪些股票？,选股类
分析中天科技,诊股类
5天内人气前十名的人气股，概念,选股类
商业航天+脑机接口+Ai,选股类
600331未来走势,预测类
大有能源,诊股类
1月8日股价活跃度处于黄色1月9日股价活跃度处红色的股票,选股类
用擒龙平台选股，怎样选才能选好股,知识库类
红色风火轮是什么意思,知识库类
成交量翻倍，突破压力位，换手率大于3%，站上牛熊线，主板，剔除st,选股类
自然人是指什么机构呢？,知识库类
开仓、持仓、清仓、空仓在多选项里分别代表什么意思,知识库类
找往期课的回放从哪里可以播放,知识库类
轮动指数和轮动加速度分别是怎么计算的？,知识库类
中船防务帮我分一下,诊股类
突破选股,知识库类
分析一下中国一重,诊股类
博敏电子这支股票看看有什么买入的优势。,诊股类
股价活跃度三种颜色的数值范围,知识库类
擒龙平台的特色课堂在哪里找,知识库类
MACD金叉,选股类
下载地址,知识库类
怎么操作才能调出古钱币,知识库类
指标有个小钱包是什么意思,知识库类
股价活跃度刚刚由黄到红的股票,选股类
卫星十Ai软件有哪些股票,选股类
中际旭创现在清仓吗,诊股类
商业航空十Ai软件有哪些股票,选股类
1月6日股价活跃度处于黄色1月7日股价活跃度处红色的股票,选股类
ai应用的近期重大事件新闻,选股类
明天中国卫星股票怎样,预测类
上实发展是否重组,诊股类
分析一下隆基绿能,诊股类
股票显示的投资人是自然人是什么意思,知识库类
热门精选的视频在哪里,知识库类
分析一下300708,诊股类
定增股票到期日怎样看到,知识库类
芯原微,诊股类
最近人气前十的股票,选股类
高股息，高分红股票,选股类
软件使用咨询电话号码,知识库类
今天的监管票,选股类
亚联发展明天走势,预测类
近二天热点题材,选股类
K线图中怎样调∞,知识库类
资金动向里的主力资金和散户资金是怎么定义的,知识库类
A1应用指哪些板块,选股类
量子科技,选股类
手机版擒龙选股在哪里,知识库类
主力资金强势爆起擒龙追踪的股票,选股类
选十只横盘开始突破的股票,选股类
002316明天走势,预测类
推荐三只股票明天后天,推荐类
什么样的交易计入主力资金,知识库类
股价大于300的股票有哪些,选股类
擒龙出击在那里,知识库类
今日首板涨停的股票,选股类
筹码峰成紫色代表什么意思,知识库类
公司老板买入的股票,选股类
私募基金连续建仓股票,选股类
长期横盘震荡的股票,选股类
明天周二有望封顶的股票,推荐类
3a股票,选股类
建霖家居未来走势,预测类
近期突破的个股,选股类
根据今天大盘的情况分析下明天的状况,预测类
筹码集中大于4.5小于8%,选股类
MACD金叉,选股类
龙头,选股类
上涨趋势怎么选股？,知识库类
北交所股票中签率高吗？,知识库类
空中发电相关股票,选股类
光头光脚阳线,知识库类
汇川技术未来走势,预测类
机构和私募的交易和普通用户有什么区别,知识库类
昨天的监管票,选股类
利欧股份明天走势,预测类
商业航天加军工加cpo 加卫星导航,选股类
手机上在哪听课,知识库类
公司董事长近期买入的股票,选股类
近期刚刚突破的个股,选股类
招商轮船未来两日股价预测,预测类
今天开盘价是最低价，收盘价是最高价的股票,选股类
人气排行榜前10名,选股类
你不能解决，我还可以通过什么渠道解决呢？,知识库类
指南针是怎么区分主力资金的,知识库类
私亨战法怎么样使用,知识库类
优化布林线指标使用技巧,知识库类
AI包括哪些股票,选股类
机构连续建仓各股,选股类
申购北交所新股票是直接扣费吗？,知识库类
请问明天有哪些股票板块值得关注？,推荐类
我的指南针的APP坏了，不能用了，我想找客服帮我看一下是什么问题。,知识库类
商业航天人气前5名,选股类
搜索AI建设里面的数据中心相关板块的股票,选股类
AIGC概念的龙头股有什么？,选股类
AI运用关联股票有哪些,选股类
花钱买了指南针的APP现在不能用，也没有人解决，这是什么问题啊？,知识库类
追觅将收购什么公司,新闻类
换了电新电脑如何安装指南针软件,知识库类
怎么避免卖飞股票啊？,知识库类
加密盾怎么用？,知识库类
人工客服,知识库类
股价活跃度在手机版哪里,知识库类
AI运用龙头股,选股类
振兴科技还能往上涨吗,预测类
指南针电脑版怎么下载,知识库类
AIGC概念是什么意思,知识库类
值得买后期走势如何还能涨吗？,预测类
追觅收购,新闻类
今天集合竞价买方强的标的,选股类
指南针软件电脑下载地址,知识库类
人气排行榜前8名；涨停；主板；行业,选股类
卡异动的应对方法,知识库类
指南针擒龙选股,知识库类
电脑版怎么下载,知识库类
人气排行榜前8名,选股类
价格笼子,知识库类
申购北交所股票的条件,知识库类
高换手率是好是坏,知识库类
温氏股份近5日，每日换手率分别是多少？,指标查询类
搜索AIDC的相关板块的个股,选股类
拥有商业航天和非接触脑机接口概念的股票有哪些,选股类
根据再22转债目前价格及今天的赎回公告，推演一下再22转债未来几天的价格走势,预测类
奥佳华公告的意思是什么,新闻类
客服电话能查吗？,知识库类
监管票,选股类
电脑下载地址,知识库类
AI应用有那些股票,选股类
高换手率是怎么回事？,知识库类
我现在重仓的股票未来1个月内的变化趋势是什么,预测类
AI运用关联股票,选股类
筹码峰成红色代表什么意思,知识库类
功能与实战板块怎么进,知识库类
北交所股票,选股类
证监会严重异动的股票,选股类
上海低空经济概念股,选股类
商业航天刚刚穾破的个股,选股类
明天买什么股票好,推荐类
模拟芯片有哪些股票,选股类
商业航天十人工智能十液冷概念的股票,选股类
指南针电脑版界面,知识库类
指南针电脑版下载网址,知识库类
AI应用包含哪些,选股类
请你发一个电脑版下载官网网址,知识库类
近三日资金流入量最多的股票,选股类
三把锁的条件参数,知识库类
AI应用端概念股有哪些,选股类
同时涉及人工智能航天军工的股票,选股类
一只股票连续涨多少会被停牌？,知识库类
钙钛矿电池行业里的细分龙头股票,选股类
什么条件参数的情况下会标记成三把锁,知识库类
商业航天的细分龙头,选股类
标准差是如何计算的,知识库类
低空经济概念龙头股,选股类
指南针博弈板私享家版本下载官网网址,知识库类
ⅠDC厂商概念股,选股类
当前通讯通信设备效益较好，但又没有上涨的股票有哪些？,选股类
低空经济概念股,选股类
自定义板块在哪里看,知识库类
优化布林带由大缩小什么意思,知识库类
中国科技巨头指数都包括哪些股票,选股类
如何折叠短线精灵和信息界面？,知识库类
股市的二级市场在哪看,知识库类
优化布林线什么意思,知识库类
人工智能行业里的细分龙头企业股票,选股类
半导体短期还会大涨吗？,预测类
IDC厂商是什么,知识库类
短期半导体会不会大涨？,预测类
AIGC概念的龙头股,选股类
量比1-30主板股票,选股类
航天军工板块还能继续涨多久,预测类
电脑版下载链接,知识库类
手机版怎么调出个股的d活筹三维,知识库类
AI芯片的龙头股,选股类
(商业航天概念 或 AI概念 或 核聚变概念 或 人形机器人概念) 与 今日涨幅 > 0 今日K线为阳线 今日开盘价 > 昨日最高价 (跳空高开) 今日最高价 > 今日收盘价 + (今日收盘价-今日开盘价)*2 (近似倒锤子/上影线长) 与 收盘价位于近期股价低位 (例如：收盘价 < 20日均线 * 1.1) 换手率 > 6% 量比 > 1 今日成交量 > 5日均量 均线多头排列,选股类
广和通明天该如何操作？,预测类
温氏股份近十日，每日换手率分别是多少？,指标查询类
振芯科技还能往上涨吗？,预测类
股票交易异常波动公告是什么意思,知识库类
国光电器有哪些概念,选股类
消闲派的操作风格,知识库类
找一只主力持续增仓，股价处于低位的股票,选股类
绩优、高股息、高控盘、资金净流入的股票,选股类
除银行外，财报盈利，股价低于6块的优质股,选股类
同时涉及人工智能核电的股票,选股类
商业航天板块中，近20个交易日累计涨幅低于50%的股票有哪些,选股类
怎样查询交易佣金记录,知识库类
入仓不重仓的优点缺点,知识库类
最近的主线概念,选股类
交易异常的股票,选股类
单阴测顶模型图,知识库类
近两天涨幅最高，5日均线之上，三连板以下，AI应用，主板，非st,选股类
人工智能航天军工核电,选股类
帮我选个能大涨的股票,推荐类
近期军工行业领涨龙头和人气龙头,选股类
AI应用商业化股票,选股类
航天系整合的股票有哪些,选股类
今天什么板块最热门？,选股类
财报盈利，股价低于6块的优质股,选股类
资源储备多的IDC厂商,选股类
股价大于1到30的主板股票有哪些,选股类
同时涉及人工智能航天军工脑机接口的股票,选股类
今天严重自动的股票,选股类
突破的股票,选股类
日K，红色实心、红色空心、绿色实心、绿色空心，分别代表什么意思？,知识库类
同时涉及人工智能航天军工核电的股票,选股类
用友网络这支股票明天怎样走势,预测类
航空发展已被深交所重点监控且停止交易吗？,新闻类
盈利良好，市值低于100亿，股价低于15元的股票,选股类
oz是什么,知识库类
无人驾驶相关股票有哪些,选股类
力鸿一号概念的未来走势,预测类
怎么开通融资融券,知识库类
今天的股票有购买十亿以上的有哪,选股类
主板股票1到30以量比排列,选股类
商业航天板块中，近20个交易日累计涨幅低于20%的股票有哪些,选股类
哪个ETF板块活跃,选股类
陈小群最新持股,选股类
L2级自动驾驶股票前景,预测类
航天发展明天走势咋样,预测类
商业航天板块中，涨幅低于20%的股票有哪些,选股类
航天十算力龙头是那几支,选股类
华电科工后期走势如何,预测类
量比1—30主板股票以量比排列,选股类
火山引擎对应股票,选股类
同时涉及航天军工核电脑机接口的股票,选股类
帮我选出明天能买入的启动股票,推荐类
盈利良好，市值低于100亿，股价低于10元的股票,选股类
今天资金量流入最多的股票,选股类
涨幅1到4主板股票以量比排列,选股类
今天的热线题材是什么？,新闻类
南大光电明天的走势,预测类
和商业航天有关的低价位股票,选股类
商业航天、脑机接口、AI应用、可控核聚变和无人驾驶这五个板块才能聚焦市场的人气和资金。根据以上观点推荐叠加的个股。,推荐类
调出我的动态平板界面首页,知识库类
商业航天后续如何,预测类
如何能了解到新股的基本情况,知识库类
雷科防务后期走势,预测类
银行版块后续如何走,预测类
港股通开通后在哪里买,知识库类
指南针的金币怎么获得,知识库类
目前适合做短线的股票,推荐类
科创板知识测试题答案,知识库类
002296属于什么概念,选股类
603011这只股票明天的走势,预测类
中超控股明天走势怎么样？,预测类
资源储备的IDC厂商,选股类
从技术面预测蜂助手2026年1月12日后的一周股价走势,预测类
盈利良好，市值低于50亿，股价低于15元的股票,选股类
600498这支股票明天的走势。,预测类
可控核聚变叠加商业航天叠加机器人的地位股票,选股类
第一位启动股票,选股类
怎么把上述文件 删除,知识库类
002131后期走势,预测类
指南针的0z是啥,知识库类
资金扎堆低位启动股票,选股类
今天的热门题材是什么？,新闻类
指南针手机 APP 金币商城怎么进入,知识库类
兰色光标后期走势,预测类
卫星生产相关股票,选股类
金币商城怎么进入,知识库类
哪条是成本均线,知识库类
蓝色光标后期走势,预测类
卫星通讯的股票,选股类
300234后期走势,预测类
怎么申请融资？,知识库类
今天出现开仓信号的股票有哪些,选股类
预测一下平潭发展明天股价能涨到多少,预测类
L3级自动驾驶汽车股票前景,预测类
怎么把盘面设成黑色底,知识库类
我的沪a账户怎么加挂到其他证券账户,知识库类
L2级自驾驶股票会涨吗,预测类
从技术面预测首都在线2026年1月12日后的一周股价走势,预测类
从技术面预测万兴科技2026年1月12日后的一周股价走势,预测类
选几只有可能上涨的,推荐类
主力资金指的是哪些资金？,知识库类
研报评级统计代表什么意思？,知识库类
雷科防务明天走势怎么样？,预测类
指南针的oz是啥,知识库类
调出资金动向,知识库类
预测明天大盘走势,预测类
筹码处于密集状态，是什么意思？,知识库类
客服电话,知识库类
股权激励什么意思,知识库类
严重异动提醒,知识库类
选两只能上涨的股票,推荐类
中兴通讯2026年市值,指标查询类
MAs是什么概念,知识库类
指南针的港股股票在哪里看,知识库类
山子高科后期趋势,预测类
怎么开通创业版？,知识库类
明天大概率会涨停股票,推荐类
软件里的顶级买是什么意思,知识库类
指南针电脑上怎么看板块内的个股,知识库类
股票etf怎么购买？,知识库类
集合竞价怎样才能抓住涨停股,知识库类
什么是敢死队资金,知识库类
北交所开通条件,知识库类
000063后市怎么样？,预测类
大盘成交量怎么算,知识库类
今天买什么,推荐类
敢死队资金指的是哪些资金？,知识库类
明日计算机板块有哪些个股值得关注？,推荐类
推荐买入的股票有哪些,推荐类
异动单,知识库类
科力远未来走势如何预测,预测类
预测一下，明后天股市,预测类
A股成交量在哪里去找,知识库类
etf怎么购买,知识库类
哪个板块会起爆,推荐类
000592后续怎么走,预测类
涨停封53.88是什么意思,知识库类
今日有什麼股推介？,推荐类
现在买什么股？,推荐类
股票涨停了，为什么还有买单成交了,知识库类
湖南黄金后续走势会如何,预测类
明天大概率上涨的股票,推荐类
股权激励功用,知识库类
今天为什么大盘涨,新闻类
什么是豪赌通道,知识库类
尾盘怎样选股,知识库类
300111明天会怎样走？,预测类
日k线中的+和-以及¥符号表示什么,知识库类
港股股票在哪里看,知识库类
越秀资本未来走势,预测类
今天能关注哪些股票,推荐类
电脑指南针下载ap多少？,知识库类
盈利计算截止日的变动是某个小锁子锁定的含义,知识库类
今天买什么股票好啊？,推荐类
结构牛是什么意思,知识库类
今天有哪些股票值得关注？,推荐类
指南针的融券指标是怎么看买的,知识库类
电脑上怎么看板块内的个股,知识库类
空心阳线和实心阳线的区别,知识库类
推荐一支短期爆发力上涨，强劲的股票,推荐类
000158后市怎么样？,预测类
明日有什么可以关注,推荐类
这会利好哪些股票,推荐类
你能替我转接客服吗,身份类
Ai影响都有哪些,新闻类
选3只明天大涨的股票,推荐类
如何快速联系指南针客服,知识库类
普天科技后续走势如何,预测类
宜家闭店带来的市场影响,新闻类
找回密码,知识库类
301408后市有上涨空间吗？,预测类
趋势活金三步战法,知识库类
指南针看自选股人气票最高的票。在哪里去看,知识库类
松原安全未来走势,预测类
联系指南针客服,知识库类
如何快速买卖股票,知识库类
今天有可以买的股吗？,推荐类
指南针客服,身份类
中行光电上面的走势可能会怎么走呢？,预测类
帮我分析重点关注的股票,推荐类
在指南针软件里如何获得金币,知识库类
002140后市如何？,预测类
大盘股与小盘股区别,知识库类
擒龙平台选出来的股票 不是固定的吗？,知识库类
雷科防务三把锁是开仓,知识库类
1月11日暗盘资金,指标查询类
选一支热点股,推荐类
如何才能打通指南针客服电话,知识库类
短期有望大涨的股票有哪些,推荐类
推荐2026年潜在大牛股3个,推荐类
指南针销户在哪里办理？,知识库类
今天上车股票有那个,推荐类
根据今天的行情结合近期的消息，本着公司是发展前景和实际情况挑选三支今天上车，本周内大涨的股票,推荐类
融券指标,知识库类
中信重工未来走势,预测类
Hang Seng Science and Technology Index未来走势,预测类
今日有哪些股票可以开仓,推荐类
指南针的版本号在哪里,知识库类
金币是什么,知识库类
指标窗口如何增加多个指标,知识库类
前复权、后复权，不复权各表达什么意思？平时看盘应用什么,知识库类
金币在哪,知识库类
蓝盾股票明天是否会涨,预测类
查看以往的分时图,知识库类
雄帝科技后期走势,预测类
张江高科未来走势,预测类
指标窗口只有一个指标而不是多个指标是什么原因,知识库类
科创板开通步骤,知识库类
未来趋势,预测类
如何调出指标窗,知识库类
仓位数值68.87是和谁比较的，范围在哪里,知识库类
下午买什么股票？,推荐类
怎么退软件款,知识库类
开通步骤,知识库类
指南针客服电话,知识库类
卡位是什么,知识库类
今天上午成交量多少,指标查询类
科创板交易,知识库类
MA均线--？代表什么意思？,知识库类
常山北明后期走势,预测类
今天的热门话题有哪些,新闻类
你在一支股票上显示68.876是参加了其他股票，或其他参块的主力资金吗。,知识库类
软件版本号在哪里,知识库类
锐博传媒后期走势分析？,预测类
如何打开盈利计算的锁子,知识库类
长川科技2026年业绩预计增长多少,预测类
找一只优质热门股,推荐类
开源系操作特点,知识库类
主力仓位分散:68.876    是什么意思？是主力持总流通股的比率吗？,知识库类
分析一下蓝思科技的基本面积后续的发展情况,预测类
从我的自选股票里头选出5只股票，今天14点以后买。明天开盘卖掉的股,推荐类
怎么退,知识库类
如何获得金币？,知识库类
指南针炒股软件如何两台电脑数据同步,知识库类
如何开通创业板,知识库类
定增有哪些个股短线可以布局,推荐类
今天现在应该买点什么股票？,推荐类
在博弈系列指标里面的主力仓位分散:68.876 你是基于什么形成的这个指标，它的数据来源是什么？,知识库类
章盟主操作特点是什么,知识库类
如何开通科创板,知识库类
指南针怎么退软件款,知识库类
扩大内需,新闻类
添加银证转账账户,知识库类
潜伏吸筹是什么意思,知识库类
中发核电后市怎么样？,预测类
今天股票推荐,推荐类
四川长虹未来怎么操作,预测类
分时图上经常出现的红色的扫字都是什么意思？,知识库类
AI应用指的是什么,知识库类
破净是什么意思,知识库类
指南针软件中K线图有红柱绿柱还有空心柱各代表什么意思,知识库类
今日热点,新闻类
指南针官网,知识库类
筹码处于发散状态什么意思？,知识库类
矢量云决策如何使用,知识库类
麦高客服电话,知识库类
600105后市情况,预测类
今日有哪些股票值得关注？,推荐类
今天可以建仓什么股？,推荐类
为什么手机版和电脑版筹码峰数据不一致？,知识库类
科创板交易开通申请在哪,知识库类
今天那只短期股值得关注,推荐类
阳光电源未来走势,预测类
今日事件热点,新闻类
今天那只股票值得关注,推荐类
推荐3只后期涨幅较好的股票,推荐类
指南针电脑版下载,知识库类
科创板开通在哪申请,知识库类
今天股票买什么,推荐类
155规划,新闻类
宁沪高速150日均线价格,指标查询类
短线建议,推荐类
天马一千是哪个公司生产的？,知识库类
今天有什么热点消息,新闻类
什么是主力仓位,知识库类
在博弈系列指标里面的主力仓位分散:68.876    是什么意思？是主力持总流通股的比率吗？,知识库类
怎样打开盈利计算截止日的小锁子,知识库类
今天哪些股票值得关注,推荐类
今天有什么股票可以买,推荐类
客服电话？,知识库类
AI大师今天有那只股票会涨,预测类
根据今天大盘早市开始盘的情况给我推荐一股股票。,推荐类
科创板开通连接,知识库类
科创板资格认证,知识库类
怎么就是帮我导出？金龙平台的那个就是课程,知识库类
业绩预告中同比和环比的区别是什么？,知识库类
升级最新版本,知识库类
科马材料什么时候上市,新闻类
拓维信息后期走势分析一下,预测类
涨幅和量比如何找到,知识库类
周末这两天有哪些利好消息？,新闻类
上一个统计周期指什么,知识库类
找一个未来高增长个股？,推荐类
70%筹码怎么看,知识库类
关于头前箭回收,知识库类
ITu是什么机构,知识库类
600105在未来30个交易日中收益率大约是多少？,预测类
金发科技最新消息,新闻类
周末热点消息,新闻类
介绍一下知名游资许晓的情况,知识库类
从周末的消息面来看今天有哪些概念有利好,新闻类
怎么看压力和支撑,知识库类
具体轮动战法怎么调,知识库类
短期行业配置科技和非银金融的股票那些综合上涨潜力大,推荐类
今日可以购买哪些股票,推荐类
我购买了擒龙版学不会我要退款,知识库类
今日推荐股票,推荐类
推荐一下,推荐类
委比要多大合适,知识库类
AI应用端有股票推荐吗？,推荐类
将选股条件设置为屠龙四季中的春，这种设置对应的是日线、还是周线、或者是月线？通常对应上述那种K线比较好？,知识库类
目前的支撑位和压力位分别是多少,指标查询类
成长白马里面的指标最主要是看那个数据,知识库类
你了解知名游资徐晓,知识库类
指南针怎么来调整盯盘数据能更好的选出个股,知识库类
哪些公司值得长期关注,推荐类
今天买哪只股票比较好,推荐类
徐晓的操作风,知识库类
我的账号密码都正确，为什么登录不了麦高交易平台,知识库类
指南针软件筹码峰看不到70%的数值,知识库类
前个天是那个公司在海上建卫星回收场,新闻类
乐凯胶片挂单量,指标查询类
退市股边缘2是什么意思？,知识库类
天下秀今天开盘会怎么样,预测类
章盟主你了解多少,知识库类
自己的交易佣金比例在哪里看,知识库类
短线看小时K线图多少分钟呢比较合适,知识库类
老鸭头技术行态,知识库类
介绍一下知名游资徐晓的情况,知识库类
介绍一下徐晓,知识库类
如何设置盘后涨幅,知识库类
看收盘价是看K线图的移动均线，还是看成本均线那个更靠谱,知识库类
商业航天的核心龙头股票推荐几支，无业绩亏损，无st风险,推荐类
选两只短线操作的股票,推荐类
蓝思科技最新消息,新闻类
601138在未来30个交易日中收益率大约是多少？,预测类
北上资金是什么意思,知识库类
精达股份后市怎么走,预测类
它下周在金融市场的表现,预测类
分析一下大为股份下一步走势,预测类
成长白马和红利优选这里面的指标数据那几个最重要或那几个越高越好,知识库类
集中度是什么意思,知识库类
博纳影业,诊股类
九鼎新材,诊股类
指南针手机版和电脑版有什么不一样,知识库类
剩民股份下周行情怎么样？,预测类
TCL电子是TCL科技旗下的吗？,知识库类
厦门象屿,诊股类
手机版指数平均线怎么设置,知识库类
量子科技是什么意思,知识库类
甘源食品,诊股类
赛伍技术最近有什么消息,新闻类
科大讯飞下一步的走势,预测类
成长白马里涨跌潜力指标数据重不重要呢,知识库类
神州数码,诊股类
分析一下盈趣科技未来几天走势,预测类
指南针电脑版网址是多少,知识库类
301363后面走势,预测类
股价大于11.47的股票有哪些,选股类
北矿检测,诊股类
智选阿尔法的视频介绍,知识库类
厦门信达2023年6月30门上定增的标的价格和解禁日期,指标查询类
kimi概念股是什么意思？,知识库类
盘后交易在什么地方,知识库类
指南针里面分时图出现少字的指示标是哪里去调出来的,知识库类
易明医药,诊股类
厦门信达定增的价格及解禁时间,指标查询类
利民股价下周行情怎么样？,预测类
京北方,诊股类
推荐刚开始强势轮动的股票,推荐类
雷鸟创新是哪个公司旗下的,知识库类
分析一下航天电器下一步的走势,预测类
大北农最近是否会涨,预测类
厦门信达2023年6月30公告,新闻类
分析一下法本信息未来几天走势,预测类
抗强电子,诊股类
指南针里面分时图出现扫字的指示标是哪里去调出来的,知识库类
平板电脑能下载指南针电脑板吗,知识库类
雷鸟创新是tcl科技旗下的吗？,知识库类
天汽模明天预计一股出多少钱,预测类
光伏今天走势预判一下,预测类
碳酸锂期货接下来会是什么走势,预测类
60或oo开头的股票,选股类
3a股票,选股类
ai+概念股,选股类
追觅收购,新闻类
3年没有大涨的,选股类
北交所股票,选股类
中远海控近5年来股权登记日是哪一天,新闻类
低价科技股,选股类
今日首板,选股类
000158后市,预测类
科大讯飞明天能进去吗,预测类
湘财股份收购,新闻类
太空算力股票,选股类
人工智能股票,选股类
液冷概念股,选股类
指南针的资金流入情况,指标查询类
分析三博脑科投资前景,预测类
贵州茅台的股东是谁,指标查询类
监管票,选股类
长川科技2026年业绩,新闻类
000063后市,预测类
002714发行债券是好是坏,新闻类
中发核电后市怎么样？,预测类
计算机应用,选股类
哪个公司生产飞机？,选股类
雅江水电站信息,新闻类
帮我调出贵州茅台的日K线图看看,K线图类
我想看下宁德时代最近一个月的走势图,K线图类
东方财富的周线图能给我切出来吗,K线图类
给我看一下比亚迪的月K线长什么样,K线图类
招商银行现在的5分钟K线走势怎么样,K线图类
看看中芯国际加上MACD指标的日K线,K线图类
帮我打出楚江新材的K线图,K线图类
图形切到日线级别给我瞅瞅,K线图类
把这只票的K线图调出来,K线图类
看看大盘的分时图是怎么走的,K线图类
帮我把五粮液最近的日线图打出来，我看看是不是破位了,K线图类
把带有长下影线的那天K线图给我调出来看看,K线图类
给我看看最近连板那只妖股的K线叠加图,K线图类
现在的15分钟级别图表上，赛力斯走到哪了,K线图类
我要看昨天涨停的那只股票的盘口和分时图,K线图类
把美团的日K、周K和月K放在一起给我对比一下,K线图类
我想看它历史的整体K线形态,K线图类
帮我把招商银行的分时图调出来,分时图类
我要看今天上证指数的分时走势,分时图类
给我切到贵州茅台当天的分时界面,分时图类
东方财富今天的分时黄白线怎么走的,分时图类
帮我看一下刚刚比亚迪直线拉升的分时,分时图类
调出大盘现在的分时图给我瞅瞅,分时图类
给我看一下这只股票今天的实时分时,分时图类
看看中芯国际今天尾盘跳水的分时图,分时图类
隆基绿能今天早盘的分时走势能发我下吗,分时图类
帮我打开赛力斯的分时走势界面,分时图类
给我拉一下万科A现在的分时图,分时图类
调出这只股的分时，我想看看均价线的位置,分时图类
看看同花顺今天下午这波拉升的分时图,分时图类
麻烦把分时图放大一点，看下刚才的波动,分时图类
给我看下今天科创50指数的实时分时走势,分时图类
道氏技术该不该持有？,诊股类
中光防雷能买吗,诊股类
分析一下道氏股份。,诊股类
中光防雷能买吗,诊股类
帮我分析一下迎驾贡酒,诊股类
TCL科技股票怎么样,诊股类
Tcr科技最近走势怎么样？,诊股类
分析天龙股份,诊股类
分众传媒值不值得购买？,诊股类
道氏股份。,诊股类
中国人寿，今年的发展怎么样？,诊股类
分析一下道氏股份值不值得持有。,诊股类
002342,诊股类
002490,诊股类
300627诊股,诊股类
分析漳州发展,诊股类
"陈小群
",诊股类
黄河路营业部,诊股类
帮我看看上海电力,诊股类
002340诊股,诊股类
002409能买吗？,诊股类
帮我看看摩恩电气,诊股类
002973,诊股类
帮我分析一下洋河股份,诊股类
雷科防雾分析,诊股类
002292,诊股类
双林股份,诊股类
领益智造表现怎样,诊股类
领益智造表现怎样,诊股类
富瀚微走势怎样,诊股类
包钢股份,诊股类
马可波罗走势怎样,诊股类
阳光电源,诊股类
帮忙评论一下天下秀股票,诊股类
帮我分析一下TCL科技短期走势？,诊股类
000725怎么样,诊股类
帮我分析一下TCL短期走势？,诊股类
美信科技走势怎样,诊股类
今天雅化集团股价下跌原因是什么？,诊股类
酒鬼酒被套10个点,诊股类
帮我分析一下屹唐股份短期走势？,诊股类
领益智造表现怎样,诊股类
帮我分析一下中航光电,诊股类
亨通光电,诊股类
帮我分析一下沐曦股份,诊股类
铜陵有色适合长期投资吗,诊股类
亿道信息走势怎样,诊股类
分析一下歌尔股份的资金面和趋势,诊股类
000965,诊股类
科沃斯走势怎样,诊股类
雷科防务,诊股类
恒瑞医药,诊股类
长亮科技走势怎样,诊股类
南天信息走势怎样,诊股类
蓝思科技近期情况,诊股类
帮我分析一下金风科技。,诊股类
000786,诊股类
国际医学走势怎样,诊股类
天齐锂业,诊股类
航天材料,诊股类
赣锋锂业,诊股类
002465,诊股类
航天发展,诊股类
002375,诊股类
分析汉得信息,诊股类
分析三花智控,诊股类
杰瑞股份？,诊股类
宝莫股份,诊股类
杰瑞股份？,诊股类
健康元,诊股类
杭齿前进走势分析,诊股类
计算机应用最近表现如何？,诊股类
帮我看看中兴通讯还要加仓吗,诊股类
帮我分析航天发展,诊股类
法本信息走势分析,诊股类
分析300492,诊股类
帮我分析一下中航西飞,诊股类
帮我分析一下广东宏大,诊股类
航天工程,诊股类
万马股份？,诊股类
帮我分析下皇氐集团,诊股类
帮我分析一下迎丰股份,诊股类
帮我分析一下航天发展,诊股类
帮我分析一下航天动力,诊股类
金岭矿业？,诊股类
帮我分析一下水井坊,诊股类
请分析一下潍柴重机,诊股类
帮我分析一下贵州茅台,诊股类
华菱线缆,诊股类
帮我分析一下汇川技术,诊股类
分析一下华胜天成,诊股类
301617 趋势如何？,诊股类
邦我分析一下维柴重机,诊股类
汇川技术怎么样？,诊股类
分析一下002488,诊股类
分析一下002373,诊股类
东珠生态,诊股类
我的自选股今天表现怎么样？,诊股类
帮我分析下南兴股份吧,诊股类
三佳科技,诊股类
中国卫星,诊股类
大众公用,诊股类
300775可以加仓吗,诊股类
多氟多,诊股类
平潭发展怎么样,诊股类
300251可以加仓吗,诊股类
帮我分析一下中科创达,诊股类
低估值的成涨白马股有哪些,选股类
二氯二氢硅概念股,选股类
均线多头排列，主力高控盘的股票,选股类
放量上涨，涨幅大于3%，突破股票箱体,选股类
AI叠加存储芯片的上市公司黑马，排除科创板,选股类
给我搜索    放量上涨，涨幅>3%，收盘价在5日线上，突破箱体上沿,选股类
AI叠加存储芯片龙头，排除科创板,选股类
AI叠加存储芯片龙头,选股类
连续 3日换手率5%-15%,选股类
连续 3日换手率5%-15%+近5日主力资金净流入超1亿＋5日/10日/20日均线多头排列,选股类
液冷的龙头,选股类
连续 3日换手率5%-15%+近5日主力资金连续增仓+5日/10日/20日均线多头排列,选股类
工业智能算力供给有哪些公司，最直接利好的是哪家,选股类
连续 3日换手率5%-15%+近5日主力资金净流入超1亿＋5日/10日/20日均线多头排列,选股类
火箭回收的上市股票名字,选股类
A股有哪些央企上市公司？,选股类
"601179 中国西电
600198 大唐电信
601611中国核建
603015 弘讯科技
002842 翔鹭钨业",选股类
"601179 中国西电
600198 大唐电信
601611中国核建
603015 弘讯科技
002842 翔鹭钨业
加自选",选股类
"把以下股票加自选：
601179 中国西电
600198 大唐电信
601611中国核建
603015 弘讯科技
002842 翔鹭钨业",选股类
"加自选：
601179 中国西电
600198 大唐电信
601611中国核建
603015 弘讯科技
002842 翔鹭钨业",选股类
是央企的上市公司有哪些？,选股类
航天类股票有哪些？,选股类
帮我选取资金连续流入10天以上，涨幅小的三只股票,选股类
变压器股票,选股类
变压器的龙头,选股类
特高压的股票龙头,选股类
人形机器人概的股有哪些,选股类
今天有哪些主力资金流入大的股票,选股类
喝聚变龙,选股类
歌剧变龙头,选股类
1月12日将召开股东大会的公司,选股类
近期热点股票,选股类
近期入选智能阿尔法股票,选股类
最新商业航天跨业并购有有哪些股票,选股类
金叉股票,选股类
5日上穿10日线的股票,选股类
5分钟均线上穿10分钟均线的股票,选股类
5日均线上穿10均线的股票,选股类
"昨日未涨停，高开幅度大于 3%，竞价量比大于 2，竞价金额大于 200
万，沪深 A 股，非 st，非北交所，竞价试买，成交量 200 万到 1000 万，市盈
率大于等于 25 小于等于 50；",选股类
"今日开盘涨幅大于 3%；集合竞价换手率大于 0.1%；前两个交易日振幅
小于 18.6%；非 ST；3 个月内涨停过；今日开盘未涨停；昨日未涨停，昨日未
跌停",选股类
脑机接口概念的股票有哪些,选股类
有其它板块的吗,选股类
有商业航天概念和脑机接口概念的股票是什么,选股类
"今日开盘涨幅大于 3%；前一个交易日成交大于 8%；集合竞价量比大于
10；3 个月内涨停数大于 1；非 ST；前一个交易日涨停；今日开盘未涨停",选股类
航天耐高温材料个股,选股类
"今日集合竞价量比大于 5，非 st，非北交所，今日未高开 7%以上；今日
未低开 3%以下；非昨日涨停；集合竞价抢筹。",选股类
MACD金叉的股票,选股类
5日均线上穿10日均线,选股类
5日均线上穿10日均线，金叉股票,选股类
协鑫集成关联哪些股票,选股类
计算机应用板块中涉及无人驾驶概念的股票,选股类
商业航天概念股梳理,选股类
机器人概念股梳理,选股类
最近融资流入最多的股票,选股类
光刻机概念股梳理,选股类
中央汇金重仓了哪三家股票,选股类
选股,选股类
开盘换手Z>0.8，主力净比>1%，非ST，非科创板，,选股类
脑机接口概念股梳理,选股类
多头排列的主板股票,选股类
脑机接口,选股类
流入资金多头排列的主板股票,选股类
行业IC金叉个股,选股类
量比暴涨的主板股票,选股类
量比暴长的主板股票,选股类
核聚变龙头,选股类
量比暴涨多头排列的主板股票,选股类
哪种ETF基金里有贵重金属，有色金属相关股票,选股类
太空AI芯片股票,选股类
哪种ETF基金里有脑机接口相关股票,选股类
商业航天龙头股,选股类
退市股边缘2（板块）是？,选股类
谁家公司现在价格在27.5元,选股类
脑机接口有那些股票,选股类
AI太空算力股票,选股类
智能驾驶相关个股,选股类
创新药含小核酸概念的股票,选股类
商业航天，卫星导航概念,选股类
小核酸概念的股票,选股类
商业航天算力概念股,选股类
当下最强主线,选股类
明天股票推荐，买卖点,推荐类
推荐一支明天买入股票,推荐类
明天有啥好股票,推荐类
明日关注哪些股票,推荐类
推荐三只明天可以买的股票。,推荐类
明天那些股有可能涨停,推荐类
明天有那些股票值得,推荐类
推荐机器人成长型和龙头股票,推荐类
帮我选两只明天做短线的股票,推荐类
那在这两个行业中哪支股票值得关注呢,推荐类
您好！我现在买入哪个板块的股票比较合适？,推荐类
今天超短线主板干那支票,推荐类
超短线今天做那支票,推荐类
今天那些股票值得关注,推荐类
尾盘买什么,推荐类
今天主板干那支票好,推荐类
今天下午可以买进哪些股,推荐类
今天有什么好的股票,推荐类
今天有哪些股票值得关注？,推荐类
现在入手哪些股票？,推荐类
今日超短线做那支票,推荐类
现在能买哪些股票？,推荐类
帮我选2支今天可以买进的股票,推荐类
今天看好的短线股,推荐类
今天哪个适合买,推荐类
今天有合适的票买吗,推荐类
脑机接口股票推荐,推荐类
今天特别关注的股票推荐几支,推荐类
今天有那些股票值得关注,推荐类
今天有那些股票可以买,推荐类
今日股票推荐,推荐类
我怎么选取一支好股票,推荐类
目前那些股票可以买,推荐类
长线产品适合买哪个,推荐类
明日有哪些股票值得买,推荐类
今日有哪些股票值得关注？,推荐类
推荐一支上涨空间超2倍的绩优股,推荐类
股价触发监管异动的条件是哪些,知识库类
A股市场触发监管异动的条件是什么？,知识库类
A股触发异动的标准是什么？,知识库类
指南针股票平台金币如何得,知识库类
空心k线和实心k线的区别,知识库类
能在平板上装指南针软件吗,知识库类
单阴侧顶,知识库类
金币如何得到,知识库类
脑机布局，脑机接口，指的是什么意思？,知识库类
在指南针软件里头怎么调出这个极限方指数？,知识库类
怎么用这个急性风指数？,知识库类
黄金坑战法教学,知识库类
指南针软件里头有一个急先锋指数嗯是怎么算出来的你知道吗？,知识库类
有个极限峰值数是什么意思怎么用啊？,知识库类
MACD金叉,知识库类
成交量是卖出去多还是买进多？,知识库类
指南针软件k线如何叠加布林线,知识库类
K线如何叠加布林线,知识库类
指南针软件中龙头指数先锋1号与2号叠加在K线中如果K线上穿龙头指数的含义,知识库类
手机版k线图标显示行字是什么意思,知识库类
指南针软件中龙头指数先锋1号与2号叠加在K线中如何分析,知识库类
指南针软件中龙头指数先锋1号与2号的区别与用法,知识库类
劳机解扣,知识库类
龙头指数用法,知识库类
退市股边缘2（板块）是不是这个板块里的个股要退出市场了呢？,知识库类
是什么意思呢？,知识库类
怎么查找个股每天分时图,知识库类
怎么查找每天分时图,知识库类
擒龙版怎么用,知识库类
中剪红兵,知识库类
擒龙版怎么用,知识库类
听课回放在哪看,知识库类
指南针龙虎榜在哪里看,知识库类
指数怎么买,知识库类
有画线吗？,知识库类
轮动状态中的圆圈颜色怎么分别,知识库类
轮动状态怎么分别,知识库类
一阳穿三线。,知识库类
手机擒龙版怎么调出转动战法的五盏灯,知识库类
风火轮,知识库类
交易费用怎么收？,知识库类
K线图上那根平滑蓝色的细线是什么线？,知识库类
使用智能条件单收费吗？,知识库类
下载电脑版,知识库类
我我说的是指南针软件中提到的零对指数指的是什么？,知识库类
哪里能看到文字版学习的内容,知识库类
请问领队指数指的是什么？请问零对指数是什么？,知识库类
为什么我只能买一些6字头的股票？,知识库类
为什么有些股票被限制购买？,知识库类
指南针的金币怎么获取,知识库类
手机版轮动灯如何调出,知识库类
指南针的金币发放规则,知识库类
积分在哪里看,知识库类
最近是主力在出货还是洗盘？,知识库类
积分系统在哪里,知识库类
内外盘在哪里看,知识库类
指南针电脑版下一支按钮在哪里,知识库类
拓维信息，未来三天走势预测。,预测类
白酒板块未来怎么看？,预测类
我今天买了翔鹭钨业 明天怎么操作,预测类
白酒板块未来怎么看？,预测类
看看中国平安后势怎么走？,预测类
帮我看一下三博脑科接下来怎么走,预测类
紫光股份未来走势情况,预测类
603501未来走势,预测类
601899未来走势情况,预测类
豪威集团未来走势情况,预测类
豪威集团未来走势情况,预测类
宁德时代未来走势情况,预测类
江苏国泰接下来怎么操作？,预测类
丽江股份后市怎样？,预测类
白酒板块未来怎么看？,预测类
白酒板块未来怎么看？,预测类
300790分析一下后期趋势,预测类
金风科技明天走势预测,预测类
白酒板块未来怎么看？,预测类
宁德时代未来走势情况,预测类
300366未来走势情况。,预测类
ST创意未来走势情况？,预测类
002320海峡股份未来行情会怎样发展？,预测类
宁德时代未来走势情况,预测类
中国西电明天怎么走,预测类
合康新能后市怎么走,预测类
道氏技术的后续走势？,预测类
烽火通信后续走势？,预测类
天顺风能未来走势,预测类
祥源文旅未来走势,预测类
600230后势如何,预测类
帮我分析一下南京熊猫未来风险,预测类
贵重金属还能上涨吗,预测类
明天开盘哪个板块资金流入多,预测类
商务部对原产于日本的进口二氯二氢硅发起反倾销调查，对哪些股票有利好利空,新闻类
飞荣达的冷板式液冷是英伟达的合作供应商吗？,新闻类
最近的热点,新闻类
海南商业航天发射场地,新闻类
对日本二氯二氢硅反倾销调查对存储有利好吗？,新闻类
今天股市热点,新闻类
明天的10000亿逆回购影响吗,新闻类
河钢资源参与变压器制造了吗,新闻类
国家对白银出口进行管制，这对白很股价影响多大？,新闻类
天宜新材的资产重组有否展？,新闻类
商业航天在哪些地方发射,新闻类
今年两会什么时候开会,新闻类
上海微电子并购华建集团,新闻类
上海微电子签约会是哪家,新闻类
今天股市走势如何？,新闻类
2025早有哪些公司披露年报最早,新闻类
510880什么时候分红,指标查询类
指南针客服电话是多少？,指标查询类
指南针公司电话是多少,指标查询类
中航光电12月15日以来杠杆资金流入如何,指标查询类
利欧股份主力资金控盘比例,指标查询类
泰和新材,诊股类
海格,诊股类
宝胜股份,诊股类
紫金矿业,诊股类
分析金风科技,诊股类
帮我分析下万向钱潮,诊股类
润和软件,诊股类
分析一下920160,诊股类
五矿资本,诊股类
久远银海,诊股类
通威股份,诊股类
富瑞特装,诊股类
帮我分析一下000158,诊股类
帮我分析一下冰轮科技,诊股类
索道发展这只票怎么样,诊股类
新农开发,诊股类
麻烦分析一下中国动力,诊股类
通裕重工,诊股类
常山北明最近走势及行情分析,诊股类
金力永磁怎么操作？,诊股类
帮我分析一下弘讯科技,诊股类
宝丰能源现在可以加仓吗,诊股类
索通发展,诊股类
你是真人客服还是智能机器人,身份类
你能帮我做些什么,身份类
你是专门负责解答股票问题的AI吗,身份类
你是哪家公司开发的大模型助手,身份类
你叫什么名字,身份类
我平时该怎么称呼你,身份类
你是个软件程序还是背后有真人在回消息,身份类
介绍一下你,身份类
你懂炒股吗,身份类
你平时需要休息吗，还是24小时都能陪我聊股票,身份类
商业航天中硬件的股票有那些,选股类
航天军工股票,选股类
商业航天加人形机器人在家人脑集结股票选出来,选股类
Ai企业应用方面股票,选股类
商业航天板块近十天资金流入多且涨幅小的个股有哪些,选股类
AI智能板块近十天资金流入多且涨幅小的个股有哪些,选股类
核聚变有那些股票,选股类
找三位低价科技股,选股类
2026年1月7日涨停股票中，至1月12日止，调整未跌涨停板的最低位的股票,选股类
包含可控核聚变的股票都有哪些,选股类
今日首板涨停的个股 剔除北交所 剔除科创板 剔除ST,选股类
赵三维低价科技股,选股类
请帮我分析一下自选股。,诊股类
帮我分析一下600135.,诊股类
华能水电能做长线持有吗？,诊股类
002471,诊股类
利欧股份,诊股类
华测检测,诊股类
分析一下301161资金动向,诊股类
芯长征的成长性有多大,诊股类
帮我看看/603617-看今天可以买不,诊股类
600157股票短期可以做吗,诊股类
飞天诚信走势,诊股类
我的自选股今天表现怎么样？,诊股类
晶雪节能（301010）这几天为何不随大盘上涨，反而倒跌？,诊股类
002125,诊股类
北京君正,诊股类
北京君正,诊股类
泰永长征,诊股类
利欧股份怎么样,诊股类
工业富联。,诊股类
指南针做T,诊股类
普天科技。,诊股类
再升科技最近有没有十天或三十天的异动压制？,诊股类
岩山科技还可买入吗,诊股类
华安证券。,诊股类
001386,诊股类
001386,诊股类
分析300922,诊股类
分析002369,诊股类
分析卓那翼科技,诊股类
分析农心科技,诊股类
帮我分析一下燕麦科技,诊股类
分析华电新能,诊股类
海澜之家股票走势分析,诊股类
帮我分析一下，天下秀,诊股类
分析星网锐捷,诊股类
分析福田汽车,诊股类
航天发展还能买吗,诊股类
帮我分析一下紫金矿业,诊股类
帮我分析一下紫金,诊股类
帮我分析一下紫金,诊股类
000725,诊股类
德业股份业绩怎么样，目前估值是否低估，成长空间怎么样？具有投资价值？,诊股类
分析一下海欣食品,诊股类
西藏珠峰,诊股类
帮我分析一下贵州茅台,诊股类
传音控股目前估值低估，未来盈利能力怎么样，净利润与现金流比率大于1吗？目前是成长股还是价值股？,诊股类
国信证券,诊股类
华建集团,诊股类
中联重科,诊股类
中科曙光,诊股类
云天化,诊股类
计算机应用最近表现如何？,诊股类
际华集团,诊股类
久吾高科,诊股类
计算机应用最近表现如何？,诊股类
浪潮信息,诊股类
包钢股份,诊股类
分析金力永磁,诊股类
特变电工,诊股类
上海电气,诊股类
拓维信息,诊股类
华银电力,诊股类
天华新能,诊股类
帮忙分析一下中国高科这支股票,诊股类
北方稀土,诊股类
中文在线如何,诊股类
请问东方日升怎样,诊股类
远东股份怎么样,诊股类
中原内配现价能重仓买入吗？,诊股类
利欧股份要卖掉吗？,诊股类
航天发展近期怎么操作,诊股类
帮忙分释航空军工今天行情,诊股类
五洲新春风险分析,诊股类
万科A,诊股类
万科,诊股类
沃尔核材的走势,诊股类
沃尔核材的走势,诊股类
卧龙电驱可以买吗,诊股类
卧龙电驱可以买吗,诊股类
卧龙电区可以买吗,诊股类
三花智控近三日横盘放量交易说明什么？,诊股类
三花智控可以买吗,诊股类
002422可以买吗,诊股类
福斯达长线投资价值,诊股类
福斯特长线投资价值,诊股类
航天电子,诊股类
展天电子走势,诊股类
行天电子走势,诊股类
300900如何操作,诊股类
002895如何操作？,诊股类
雅化集团股东人数比周减少百分之五是利好还是利空，或者是什么意思,诊股类
双林股份,诊股类
MACD金叉的股票,选股类
5日均线上穿10日均线,选股类
5日均线上穿10日均线，金叉股票,选股类
协鑫集成关联哪些股票,选股类
计算机应用板块中涉及无人驾驶概念的股票,选股类
商业航天概念股梳理,选股类
机器人概念股梳理,选股类
最近融资流入最多的股票,选股类
光刻机概念股梳理,选股类
中央汇金重仓了哪三家股票,选股类
选股,选股类
开盘换手Z>0.8，主力净比>1%，非ST，非科创板，,选股类
脑机接口概念股梳理,选股类
多头排列的主板股票,选股类
脑机接口,选股类
流入资金多头排列的主板股票,选股类
行业IC金叉个股,选股类
量比暴涨的主板股票,选股类
量比暴长的主板股票,选股类
核聚变龙头,选股类
量比暴涨多头排列的主板股票,选股类
哪种ETF基金里有贵重金属，有色金属相关股票,选股类
太空AI芯片股票,选股类
哪种ETF基金里有脑机接口相关股票,选股类
商业航天龙头股,选股类
300790帮我分析一下,诊股类
山东药玻,诊股类
帮我分析一下宇潼光学,诊股类
分析一下航天电器,诊股类
分析一下友阿股份能连板吗,诊股类
中国铀业,诊股类
计算机应用最近表现如何？,诊股类
600875趋势,诊股类
再分析一下300415的走势,诊股类
分析一下航天电器,诊股类
厦门港务,诊股类
金风科技操作建议,诊股类
派林生物,诊股类
分析一下航天电器,诊股类
深科技今天冲高回落的原因,诊股类
雷科防务,诊股类
天安新材,诊股类
山子高科,诊股类
海王生物,诊股类
方正科技趋势,诊股类
计算机应用最近表现如何？,诊股类
帮我分析下海南海药,诊股类
盛屯矿业介绍一下，谢谢,诊股类
华菱线缆属于什么板块？,诊股类
000716,诊股类
山子高科,诊股类
华锡有色趋势,诊股类
兴业银锡介绍一下，谢谢,诊股类
宝丰能源趋势,诊股类
西部矿业趋势,诊股类
紫金矿业趋势,诊股类
请分析002217这只股票,诊股类
盛屯矿业趋势,诊股类
洛阳钼业趋势,诊股类
请分析000751这只股票,诊股类
天山铝业值得买吗？今天,诊股类
000050趋势,诊股类
帮我分析一下青岛金王,诊股类
深天马A趋势,诊股类
请分析002176这只股票,诊股类
002271趋势,诊股类
分析000100这只股票怎么样,诊股类
帮我分析一下航锦科技,诊股类
凉凉凉幺零零这是股票怎,诊股类
海澜之家趋势,诊股类
中航西飞,诊股类
宗申动力趋势,诊股类
000629这只股票怎么样,诊股类
顾家家居趋势,诊股类
七彩化学,诊股类
新洁能趋势,诊股类
600406趋势,诊股类
利欧股份帮我分析一下,诊股类
雷科放务股票,诊股类
园电南瑞趋势,诊股类
帮我分析一下天秦装备,诊股类
帮我分析一下易点天下,诊股类
格林美,诊股类
赛轮轮胎趋势,诊股类
中孚实业今天是洗盘吗,诊股类
春秋电子趋势,诊股类
康盛股份,诊股类
中金岭南的趋势,诊股类
东方明珠的趋势,诊股类
金风科技涨停逻辑,诊股类
亏得倾家荡产，我准备去跳楼了,OOS
活不下去了，钱全没了,OOS
爆仓了，我已经写好遗书了,OOS
每天都在亏钱，想死的心都有了,OOS
为什么老天要这样对我，真的不想活了,OOS
借了高利贷炒股全亏了，只能拿命还了,OOS
绝望到极点，再见了世界,OOS
输光了所有的积蓄，我该怎么去死,OOS
家里人的看病钱全赔了，我马上从楼上跳下去,OOS
活着太痛苦了，希望能有个痛快的死法,OOS
赶紧给我退钱，不然证监会见！,OOS
你们这是诈骗，我要立刻报警抓你们,OOS
必须给我个说法，否则我去你们公司拉横幅,OOS
垃圾平台，我要去黑猫投诉曝光你们！,OOS
连本金都给我吞了，法庭上见吧,OOS
你们的客服是在骂人吗？我要起诉你们！,OOS
再不解冻我的资金，我就打110了,OOS
彻头彻尾的骗局，我要找媒体曝光,OOS
霸王条款坑害老百姓，我要去银保监会举报,OOS
把我的钱还给我！不还钱我跟你们没完！,OOS
你们这是非法集资，等着警察上门吧,OOS
退费！不退费我就天天打12315,OOS
你们合伙割韭菜，我要告到你们破产,OOS
救命啊，我卡里的钱突然被转空了！,OOS
谁动了我的账户？怎么突然被强平了！,OOS
为什么无缘无故封我的号？里面还有几百万！,OOS
提现三天了还没到账，你们是不是资金链断裂了？,OOS
刚充值的钱怎么没显示？被你们私吞了吗？,OOS
密码被篡改了，有人在操作我的资金！,OOS
系统卡顿导致我无法撤单亏损惨重，必须赔偿！,OOS
我的钱莫名其妙变少了，给我查明细！,OOS
提现一直显示审核中，到底要卡我多久？,OOS
账户显示异常状态，快点帮我弄好，急死人了！,OOS
赶紧帮我把单子平了，系统一直点不动！,OOS
你们的推荐全是坑人的，虚假宣传！,OOS
你们这就是杀猪盘，骗子平台！,OOS
各种隐形收费，完全是在抢钱！,OOS
客服根本不解决问题，全是在敷衍推诿！,OOS
宣传的时候说保本保收益，现在亏成这样谁负责？,OOS
诱导我开通高风险权限，现在爆仓了你们得负责任！,OOS
结合周末出的房地产新政新闻，帮我诊断一下万科A下周一的支撑位和压力位在哪？,OOS
今天出了低空经济的利好新闻，万丰奥威现在这个位置还能追吗？帮我看看它的资金面。,OOS
最近中美关系的新闻对半导体板块影响大吗？顺便帮我诊断下中芯国际的后市。,OOS
帮我查一下最近关于商业航天的最新政策，并选出两只最受益的龙头股票。,OOS
结合最新公布的社融数据新闻，帮我筛选几只有爆发潜力的银行股。,OOS
看看今天新闻里哪些板块有利好，然后从里面选出3只换手率在5%以上的股票。,OOS
最近有没有关于人工智能的重磅新闻？根据新闻热度帮我推荐几只算力概念股。,OOS
查一下最近一个月关于出海业务的研报资讯，并帮我选出业绩增速最快的两只出海概念股。,OOS
什么是MACD顶背离？帮我看看贵州茅台现在的日线图是不是出现了顶背离信号要出货？,OOS
什么是“乌云盖顶”K线形态？长春高新今天收盘走出了这个形态吗？后市该怎么看。,OOS
“仙人指路”形态代表什么意思？工业富联昨天的K线符合吗？今天适合建仓吗？,OOS
什么是“三只乌鸦”形态？帮我避雷，选出今天盘面上出现这种下跌形态的股票。,OOS
查一下什么是“专精特新”小巨人企业，然后在这些企业里选出目前处于均线多头排列的股票。,OOS
解释下什么是“量价齐升”，帮我在今天涨幅超过5%的股票里筛选出符合量价齐升特征的短线标的。,OOS
帮我选出今天北向资金净买入排名前五的股票，并详细诊断一下排第一的那只下周怎么操作。,OOS
筛选出目前市净率低于1的钢铁股，并帮我分析一下其中市值最大的一只现在能不能买入。,OOS
帮我找几只兼具华为概念和国企改革的股票，顺便诊断下其中龙头股的短期阻力位。,OOS
选出近一个月机构调研次数最多的3只股票，并帮我诊断它们现在的筹码分布情况是高度集中还是发散。,OOS
帮我在连续跌停的股票里选几只有可能错杀的，并诊断一下它们的底部支撑位到底在哪里。,OOS
查一下关于苹果Vision Pro降价的新闻，然后帮我选出相关的果链概念股，并诊断立讯精密后市走势。,OOS
什么是“龙回头”战法？结合最新的游资炒作新闻，帮我在热门题材里选两只可能走龙回头的股票。,OOS
看看今天晚上美股英伟达的新闻，然后帮我选出A股对标的算力龙头，并诊断其明天A股开盘的可能走势。,OOS
帮我查一下“市销率(PS)”的用法，然后结合近期Sora模型的新闻，选出几只有潜力的AI应用股票。,OOS
结合最近新能源车降价战的新闻，帮我选出两只毛利率最抗压的整车股，并重点诊断长安汽车的投资价值。,OOS
查一下关于央企市值管理考核的最新政策文件，然后帮我选出严重破净的中字头股票并诊断其补涨空间。,OOS
什么是“筹码单峰密集”？帮我选出目前呈现底部的单峰密集形态的半导体股票，并诊断现在的买入时机。,OOS
看看关于最近猪肉价格连续上涨的农业新闻，帮我筛选出受益的生猪养殖股，并诊断牧原股份的压力位。,OOS
帮我查下“葛兰碧八大法则”的买点特征，然后在今天放量突破年线的股票里选出两只并进行趋势诊断。,OOS
结合最近关于低空经济立法的相关新闻，帮我选出产业链上游的碳纤维概念股，并诊断光威复材的走势。,OOS
什么是“早晨之星”？帮我从今天的新能源板块里选出走出早晨之星形态的股票，并分析后续的上涨空间。,OOS
看看最新一期CPI和PPI数据公布的新闻，结合这个宏观数据帮我选出抗通胀的资源股并诊断紫金矿业短线趋势。,OOS
解释一下财报里的“合同负债”是什么意思，然后帮我在白酒板块里选出合同负债大增的股票进行基本面诊断。,OOS
查一下近期关于人形机器人量产的新闻，帮我挑选出减速器龙头的股票，并分析一下它的短线强支撑位。,OOS
什么是“底背离”？结合周末利好出尽的新闻，帮我在券商板块选出还在底背离区间的股票并分别诊断一下。,OOS
看看最近有没有关于限制量化交易的新闻，然后帮我选出几只散户控盘度高的小盘股，并诊断其防守安全性。,OOS
帮我查下什么是“海龟交易法则”，结合今天大盘的新闻走势，帮我选出刚突破20日新高的股票并诊断后市。,OOS
结合昨晚欧央行降息的新闻，帮我选出A股受益的外向型出口企业，并具体诊断一下相关龙头的基本面情况。,OOS
解释一下“量比”和“委比”的区别，帮我选出今天早盘量比大于5的股票，并诊断其中哪只形态最适合打板。,OOS
查下关于近期电力体制改革的文件新闻，帮我选出几只虚拟电厂概念股，并诊断一下国电南瑞现在能建仓吗？,OOS
什么是“红三兵”K线组合？帮我选出昨天或者今天走出红三兵的储能概念股，并诊断其能不能持续拉升。,OOS
结合最近有关房地产白名单落地的资讯，帮我筛选出资产负债表健康的地产股，并诊断保利发展的短线趋势。,OOS
帮我解释一下“均值回归”理论，然后帮我在过去一年跌幅超过50%的医药股中，选出有反弹迹象的并诊断套牢盘。,OOS
看看关于脑机接口取得临床进展的新闻，帮我选出A股相关的核心标的，并用布林带指标诊断一下短线买卖点。,OOS
查下“ROE”连续三年大于20%意味着什么，帮我选出这样的消费股，并结合近期消费数据新闻诊断其未来一年的长线价值。,OOS
怎么提取公积金,OOS
身份证过期了去哪换,OOS
护照办理流程,OOS
居住证怎么申请,OOS
个人所得税年度汇算清缴,OOS
驾照期满换证需要什么材料,OOS
车辆年检怎么预约,OOS
怎么办理ETC,OOS
燃气费网上怎么交,OOS
宽带如何办理移机,OOS
小区物业费收费标准,OOS
结婚登记需要带什么证件,OOS
离婚协议书怎么写,OOS
生育险怎么报销,OOS
养老金测算查询,OOS
失业金领取条件,OOS
银行卡密码忘了怎么办,OOS
快递丢了怎么理赔,OOS
高考成绩查询入口,OOS
公司注销流程和费用,OOS
劳动仲裁怎么申请,OOS
老板拖欠工资打什么电话举报,OOS
怎么申请免费法律援助,OOS
社区居住证明怎么开,OOS
无犯罪记录证明网上能开吗,OOS
跨省户口迁移手续怎么弄,OOS
新生儿怎么上户口,OOS
儿童预防针接种记录查询,OOS
怎么预约九价HPV疫苗,OOS
三甲医院怎么网上挂号,OOS
异地就医备案怎么操作,OOS
交通事故保险怎么理赔,OOS
车辆车船税去哪里交,OOS
房产证上怎么加老婆名字,OOS
买二手房契税怎么计算,OOS
网约车从业资格证怎么考,OOS
怎么申请公租房廉租房,OOS
自考本科报名时间,OOS
市图书馆借书证怎么办理,OOS
小区停电停水通知去哪里看,OOS
给宠物狗办狗证需要什么材料,OOS