问题,预期意图,风险,是否处于意图边界
服务态度恶劣,OOS,high,否
账户被强平请求帮助,OOS,high,否
实在太我亏了50万都不想活了,OOS,high,否
绝对我觉得人生绝望了了,OOS,high,否
为什么冻结我的号？,OOS,high,否
我账户一直亏怎么办？？有没有专家帮我看一下,OOS,high,否
我要申请退款，不然我就投诉到消协。,OOS,high,否s
账户被盗用了,OOS,high,否
都是骗人的,OOS,high,否
商业航天都有什么股票，下周走势建议个股,OOS,mid,否
未来国家往哪几个方向发展？关键到哪几个方面的股票,OOS,mid,否
山东墨龙 挂单量以及后市如何判断,OOS,mid,否
代码300855的股票未来可期？如何止盈止损,OOS,mid,否
科大讯飞股票支撑位、压力位各是多少？未来5个交易日走势如何？今天是否适合买入？,OOS,mid,否
恒生电子涨停的逻辑是啥?同类型的股票有哪些？,OOS,mid,否
根据今日上证指数及盘面上所有数据分析一下明天。资金会主力集中分布在哪些板块？,OOS,mid,否
分析化工新材料股里与商业航天及新能源相关的化工新材料公司并推荐,OOS,mid,否
帮我选一下子啊，诊股一里头那个四项能力叠加的股票呗。适合于短线开仓的。,OOS,mid,否
东方财富股票支撑位、压力位各是多少？未来5个交易日走势如何？今天是否适合买入？,OOS,mid,否
603708，明日如何操作，主力资金还在么,OOS,mid,否
通宇通讯主力均价多少，今天主力会护盘吗,OOS,mid,否
液冷龙头股是谁，哪个股票投资确定性高,OOS,mid,否
歌尔股份。30左右能不能入手？未来趋势如何？,OOS,mid,否
医保异地结算,OOS,low,否
门诊怎么报销,OOS,low,否
工伤保险认定,OOS,low,否
怎么投诉商家,OOS,low,否
水电费怎么交,OOS,low,否
违章查询,OOS,low,否
幼儿园报名,OOS,low,否
信用卡怎么还款,OOS,low,否
什么是“乌云盖顶”K线形态？长春高新今天收盘走出了这个形态吗？后市该怎么看。,OOS,mid,否
“仙人指路”形态代表什么意思？工业富联昨天的K线符合吗？今天适合建仓吗？,OOS,mid,否
什么是“三只乌鸦”形态？帮我避雷，选出今天盘面上出现这种下跌形态的股票。,OOS,mid,否
查一下什么是“专精特新”小巨人企业，然后在这些企业里选出目前处于均线多头排列的股票。,OOS,mid,否
解释下什么是“量价齐升”，帮我在今天涨幅超过5%的股票里筛选出符合量价齐升特征的短线标的。,OOS,mid,否
帮我选出今天北向资金净买入排名前五的股票，并详细诊断一下排第一的那只下周怎么操作。,OOS,mid,否
筛选出目前市净率低于1的钢铁股，并帮我分析一下其中市值最大的一只现在能不能买入。,OOS,mid,否
帮我找几只兼具华为概念和国企改革的股票，顺便诊断下其中龙头股的短期阻力位。,OOS,mid,否
选出近一个月机构调研次数最多的3只股票，并帮我诊断它们现在的筹码分布情况是高度集中还是发散。,OOS,mid,否
帮我在连续跌停的股票里选几只有可能错杀的，并诊断一下它们的底部支撑位到底在哪里。,OOS,mid,否
查一下关于苹果Vision Pro降价的新闻，然后帮我选出相关的果链概念股，并诊断立讯精密后市走势。,OOS,mid,否
什么是“龙回头”战法？结合最新的游资炒作新闻，帮我在热门题材里选两只可能走龙回头的股票。,OOS,mid,否
看看今天晚上美股英伟达的新闻，然后帮我选出A股对标的算力龙头，并诊断其明天A股开盘的可能走势。,OOS,mid,否
帮我查一下“市销率(PS)”的用法，然后结合近期Sora模型的新闻，选出几只有潜力的AI应用股票。,OOS,mid,否
结合最近新能源车降价战的新闻，帮我选出两只毛利率最抗压的整车股，并重点诊断长安汽车的投资价值。,OOS,mid,否
查一下关于央企市值管理考核的最新政策文件，然后帮我选出严重破净的中字头股票并诊断其补涨空间。,OOS,mid,否
什么是“筹码单峰密集”？帮我选出目前呈现底部的单峰密集形态的半导体股票，并诊断现在的买入时机。,OOS,mid,否
看看关于最近猪肉价格连续上涨的农业新闻，帮我筛选出受益的生猪养殖股，并诊断牧原股份的压力位。,OOS,mid,否
帮我查下“葛兰碧八大法则”的买点特征，然后在今天放量突破年线的股票里选出两只并进行趋势诊断。,OOS,mid,否
结合最近关于低空经济立法的相关新闻，帮我选出产业链上游的碳纤维概念股，并诊断光威复材的走势。,OOS,mid,否
什么是“早晨之星”？帮我从今天的新能源板块里选出走出早晨之星形态的股票，并分析后续的上涨空间。,OOS,mid,否
看看最新一期CPI和PPI数据公布的新闻，结合这个宏观数据帮我选出抗通胀的资源股并诊断紫金矿业短线趋势。,OOS,mid,否
解释一下财报里的“合同负债”是什么意思，然后帮我在白酒板块里选出合同负债大增的股票进行基本面诊断。,OOS,mid,否
查一下近期关于人形机器人量产的新闻，帮我挑选出减速器龙头的股票，并分析一下它的短线强支撑位。,OOS,mid,否
什么是“底背离”？结合周末利好出尽的新闻，帮我在券商板块选出还在底背离区间的股票并分别诊断一下。,OOS,mid,否
看看最近有没有关于限制量化交易的新闻，然后帮我选出几只散户控盘度高的小盘股，并诊断其防守安全性。,OOS,mid,否
帮我查下什么是“海龟交易法则”，结合今天大盘的新闻走势，帮我选出刚突破20日新高的股票并诊断后市。,OOS,mid,否
结合昨晚欧央行降息的新闻，帮我选出A股受益的外向型出口企业，并具体诊断一下相关龙头的基本面情况。,OOS,mid,否
解释一下“量比”和“委比”的区别，帮我选出今天早盘量比大于5的股票，并诊断其中哪只形态最适合打板。,OOS,mid,否
查下关于近期电力体制改革的文件新闻，帮我选出几只虚拟电厂概念股，并诊断一下国电南瑞现在能建仓吗？,OOS,mid,否
什么是“红三兵”K线组合？帮我选出昨天或者今天走出红三兵的储能概念股，并诊断其能不能持续拉升。,OOS,mid,否
结合最近有关房地产白名单落地的资讯，帮我筛选出资产负债表健康的地产股，并诊断保利发展的短线趋势。,OOS,mid,否
Ai企业应用落地方面股票,选股类,,否
股票涨幅触发严重异动是啥意思,知识库类,,否
成分骨有哪些,选股类,知识库类,是
301299未来趋势,预测类,,否
明天进哪个票,推荐类,,否
核聚变核心股有那几个,选股类,,否
旋极信息还会涨吗,预测类,,否
指南针K綫图中园圈战是什么意思,知识库类,,否
航空发展往后怎么走，是走还是留,预测类,,否
筹码集中度高说明什么,知识库类,,否
明日有哪些股票值得关注？,推荐类,,否
破净股是什么意思,知识库类,,否
景旺电子交易策略。,策略类,,否
603228交易策略,知识库类,,否
如何判断筹码峰的股票涨跌态势,知识库类,,否
多模态大模型相关股票有哪些,选股类,,否
席位怎么调出,知识库类,,否
603228交易策略,策略类,,否
帮我分析一下索通发展,诊股类,,否
华西股份,诊股类,,否
股票航天发展明天会崩盘嘛,预测类,,否
楚江新林,诊股类,身份类,是
今日首板涨停的个股,选股类,,否
航天板块资金流入多且涨幅小的股票列出来,选股类,,否
陈小琴池庄的股票,选股类,,否
300324明天走势分析,预测类,,否
筹码分布中的重合度有什么意义,知识库类,,否
帮我分析一下润和软件,诊股类,,否
自选删除了还能不能恢复,知识库类,,否
再升科技,诊股类,身份类,是
指南针股票软件的集合竞价分析如何用,知识库类,,否
中国能建,诊股类,,否
在哪里查看游资买入资金量,知识库类,指标查询类,是
深夜挂单有用吗,知识库类,,否
帮我分析一下漫步者,诊股类,,否
指南针擒龙版积分在哪里查看,知识库类,,否
601949趋势,诊股类,"K线图类, 预测类",是
000560走势分析,诊股类,,否
明日买什么,推荐类,,否
三七互娱怎么看,诊股类,,否
博纳影业,诊股类,身份类,是
给我简单介绍一下你自己,身份类,,否
怎么查北向资金动向,知识库类,指标查询类,是
我不想跟机器说话，你能帮我转接人工吗？,身份类,,否
擒龙平台是当天选出来，明天买入吗，还是当天买入,知识库类,策略类,是
你是谁？,身份类,,否
锁定因子在股市中的作用,知识库类,,否
你能帮我做些什么？,身份类,,否
你是哪家公司开发的大模型助手？,身份类,,否
90%筹码和30%筹码有什么意义,知识库类,,否
现在的主线是什么,新闻类,,否
分析下华胜天成,诊股类,,否
水晶光电,诊股类,身份类,是
乐凯胶片,诊股类,身份类,是
兴业股份,诊股类,身份类,是
上海电影未来趋势,预测类,,否
北证股票是什么意思,知识库类,,否
科大国创下一步走势？,预测类,,否
近期热门概念板块前五名,选股类,,否
AI应用有哪些个走走的强势,选股类,,否
近期热门概念前5个,选股类,,否
近期5日内主力资金净注入超过5千万，涨幅低于4%的，航天军工板块和计算机应用板块有哪些股票,选股类,,否
怎么设置自动买卖,知识库类,,否
盐湖股份,诊股类,,否
海光信息最近为什么一直盘着,诊股类,新闻类,是
002324可以继续持有吗,诊股类,,否
股市中GEO概念指的是哪方面,知识库类,,否
指南针怎么实现量化工具自动买卖点,知识库类,,否
紫光股份,诊股类,身份类,是
星源材质未来趋势,预测类,,否
核聚变有哪些行业，包括哪些板块,选股类,知识库类,是
天融信有一波反弹吗,诊股类,预测类,是
莱宝高科,诊股类,,否
谢谢啦,通用类,,否
明天航天发展怎么逃,预测类,,否
陈小群交易策略,策略类,,否
擒龙平台里突破选股搜不到,知识库类,选股类,是
AI十能翻倍的股票,选股类,,否
明天天气怎么样？,通用类,,否
你太笨了，,通用类,,否
今天股价在11.47的股票是什么,选股类,指标查询类,是
指南针软件自选删除了能不能恢复,知识库类,,否
你与豆包有什么区别,通用类,,否
那方面的股票能翻十倍,推荐类,选股类,是
陈小群持仓的股票,选股类,,否
字体大点,通用类,,否
90%筹码和70%筹码有什么意义,知识库类,,否
京津冀一体化的标的股,选股类,,否
创新医疗,诊股类,,否
沪电股份,诊股类,,否
603703能进吗,诊股类,选股类,是
雷电微力未来走势,预测类,,否
中航西飞未来走势,预测类,,否
中航机载要清仓吗,诊股类,,否
中坚科技112买入的，一直跌，继续持有还是卖掉？,诊股类,,否
三安光电未来走势,预测类,,否
中行西飞未来走势,预测类,,否
今日收盘首板，市值小于500亿，半年内涨停少于3次的不要，一年内爆涨超过40%以上的淘汰，有板块效益的股票有哪些,选股类,,否
天下秀,诊股类,身份类,是
由可控核聚变和航天发展的股票有哪些？,选股类,,否
近期13日内主力资金净注入超过一亿，涨幅低于9%的，航天军工板块和计算机应用板块有哪些股票,选股类,,否
兖矿能源未来走势,预测类,,否
分析一下张江高科,诊股类,,否
股权投资的股票,选股类,知识库类,是
海格通信,诊股类,,否
GEO是什么,知识库类,,否
近期13日内主力资金净注入超过1亿，涨幅低于4%的，有哪些股票,选股类,,否
查找锁定因子LFS在60以上的股票,选股类,,否
分析一下众兴菌业,诊股类,,否
金风科技还会涨吗,预测类,,否
当前公告业绩预增的股票,选股类,新闻类,是
光通讯模块概念的总龙头是谁,选股类,知识库类,是
竞价涨幅2—4主板股票,选股类,,否
分析英利汽车,诊股类,,否
股票严重异动对股票有什么影响,知识库类,,否
海光信息未来可期吗,预测类,,否
近期5日内主力资金净注入超过一亿，涨幅低于9%的，航天军工板块和计算机应用板块、原件板块、光学光电子板块、传媒板块有哪些股票,选股类,,否
汇得科技怎样,诊股类,,否
603011,诊股类,,否
茺矿能源未来走势,预测类,,否
K线图上蓝色和紫色K线是什么意思,知识库类,,否
山子高科未来走势,预测类,,否
查找锁定因子LFS在60以上的股票,选股类,,否
锁定因子是什么,知识库类,,否
分析一下920196,诊股类,,否
碳酸锂期货为什么在9%是涨停,诊股类,知识库类,是
分析一下璞泰来,诊股类,,否
同时涉及航天和AI的股票,选股类,,否
今日收盘首板，市值小于300亿，半年内涨停少于3次的不要，一年内爆涨超过40%以上的淘汰，有板块效益的股票有哪些,选股类,,否
分析一下菲利华为什么连跌,诊股类,,否
中兴通讯还可以持有吗,诊股类,,否
岩山科技是龙头吗,诊股类,知识库类,是
歌尔股份属于科技股吗,诊股类,知识库类,是
000516趋势,诊股类,预测类,是
海特高新,诊股类,,否
今天资金流入多的主线股票,选股类,,否
查找锁定因子LFS在55以上股票,选股类,,否
科大讯飞明天能进去吗,预测类,,否
同时涉及航天军工和AI智能的股票,选股类,,否
电气风电怎么样？,诊股类,,否
明天可以入手可控核聚变哪些股票,推荐类,,否
600184趋势,诊股类,K线图类,是
近期5日内主力资金净注入超过6千万，涨幅低于9%的，航天军工板块和计算机应用板块、原件板块、光学光电子板块、传媒板块有哪些股票,选股类,,否
海马汽车明天优势,预测类,,否
基金的手续费是多少,知识库类,,否
独角兽概念今天涨停的股票,选股类,,否
IDc概念股,选股类,,否
可以当天买当天卖吗,知识库类,,否
今天首板股票,选股类,,否
近期5日内主力资金净注入超过一亿，涨幅低于9%的，航天军工板块和计算机应用板块有哪些股票,选股类,,否
科大讯飞,诊股类,身份类,是
Al+制造有那些股票,选股类,,否
000917,诊股类,,否
IDC行业是什么行业,知识库类,,否
截止到1月12日陈小群持股情况,指标查询类,,否
对股票什,诊股类,选股类,是
近期13日内主力资金净注入超过一亿，涨幅低于9%的，航天军工板块和计算机应用板块、原件板块、光学光电子板块、传媒板块有哪些股票,选股类,,否
159218ETF,诊股类,身份类,是
近期5日内主力资金净注入超过1亿，涨幅低于4%，航天军工板块有哪些股票,选股类,,否
业绩预增50％的股票,选股类,,否
信捷电器,诊股类,身份类,是
海航控股,诊股类,身份类,是
603817怎么看,诊股类,,否
万向钱潮股价快速回落，尾盘集合竞价大单买入,诊股类,,否
高业航天有那些股票,选股类,,否
海上回收概念股票,选股类,,否
如何下载动态擒龙版PC版,知识库类,,否
帮我分析一下，生益科技。,诊股类,,否
帮我分析一下东田微,诊股类,,否
帮忙分析一下太钢不锈走势,诊股类,,否
三六零,诊股类,身份类,是
帮我分析一下中京电子,诊股类,,否
商业航天上游股票,选股类,,否
商业航天低位股票分析下,诊股类,选股类,是
北矿检测,诊股类,,否
预测一下明天潍柴重机的走势,预测类,,否
Al应用有那些股票,选股类,,否
如何制定我的交易计划,知识库类,策略类,是
今天底位首板股票,选股类,,否
近期13日内主力资金净注入超过1亿，涨幅低于4%的股票,选股类,,否
力鸿一号飞行成功 背后的意义是什么,新闻类,,否
航天工程昨夜有什么变动没有,选股类,,否
苹果笔记本怎么使用指南针炒股软件,知识库类,,否
航天工程昨夜有什么变动没有,新闻类,,否
所有帐户都可交易基金吗,知识库类,,否
TCL科技并购重组了吗？,新闻类,,否
商业卫星有那些股票,选股类,,否
拓尔思有调研报告吗,新闻类,,否
卧龙电驱后期走势,预测类,,否
关于完成工商变更登记的公吿有哪些,新闻类,,否
可控核聚变成分股有哪些？,选股类,,否
估值空间怎么调出,知识库类,,否
上证基金和深证基金手续费有差别吗？比股票少吗？,知识库类,,否
为什么预测上榜的股票，涨幅>7%才列入该股票池？,知识库类,预测类,是
游资交易数据哪里看,知识库类,,否
ai+概念股,选股类,,否
美国加征关税政策对国内股市有什么影响吗,新闻类,,否
利欧股份股票停牌什么时间复牌,新闻类,,否
六大战区中有发生了大事,新闻类,,否
炒基金是T十0吗,知识库类,,否
上海机场有利好消息吗？,新闻类,,否
卫星ETF明天走势,预测类,,否
帮我分析一下诲峡环保,诊股类,,否
火箭回收船概念龙头股,选股类,,否
商业航天卫星供电概念股,选股类,,否
6000498是那一板块的,诊股类,指标查询类,是
明天买什么票比较好,推荐类,,否
今年电子半导体概念和板块是不是国家扶持政策和补贴政策呢,新闻类,知识库类,是
预测上榜的理由是什么？,预测类,知识库类,是
海立股份B转A完成了吗,诊股类,新闻类,是
制造卫星的有哪几家公司,选股类,知识库类,是
Al玩具股票,选股类,,否
明天直接强势股,推荐类,,否
大宗交易买入的股票有锁定期吗？,知识库类,,否
快憶电悌明天行情会上涨吗？,预测类,,否
分析天汽模,诊股类,,否
龙溪股份明天的走势,预测类,,否
航天电子未来一年走势,预测类,,否
ETF基金是不是当天买当天可以卖,知识库类,,否
全信股份,诊股类,,否
帮我分析一下北方稀土,诊股类,,否
制造卫星的公司哪家业绩最好,选股类,,否
电子半导体材料股票有那些,选股类,,否
帮我分析一下南网科技,诊股类,,否
怎么开,知识库类,身份类,是
丰信生物,诊股类,,否
永鼎股份今天回落的原因,诊股类,新闻类,是
哎，只能提,通用类,,否
常山北明今天的表现不错帮我分析下原因,诊股类,,否
选一只航天短现股票,选股类,,否
level2怎么开,知识库类,,否
002151趋势,诊股类,预测类,是
分时图上出现机构扫货的线那个指标以后是什么意思,知识库类,,否
九丰能源明天走势会怎样,预测类,,否
高成长高毛利率绩优科技股,选股类,,否
火箭海上回收的股票有几个？,选股类,,否
你问，你问什么,通用类,"身份类, 知识库类",是
沪市的高成长高毛利率绩优科技股,选股类,,否
手机版指南针软件如何操作,知识库类,,否
无穷线是什么意思,知识库类,,否
分时图上出现那个潜伏吸筹的黄色柱状代表什么意思,知识库类,,否
沪市的高成长高毛利率低估值绩优科技股,选股类,,否
捷成股份明天会高开直线拉升涨停吗,预测类,,否
600570股票资金流入情况,诊股类,指标查询类,是
K线中圈中定是什么意思,知识库类,,否
帮我分析一下视觉中国,诊股类,,否
尾盘抢筹+主力资金的股票,选股类,,否
中远海发,诊股类,身份类,是
帮我分析一下中远海能,诊股类,,否
帮我分析一下东方钽业,诊股类,,否
帮我分析一下三六零,诊股类,,否
浙富控股后市行情如何,预测类,,否
帮我分析一下凯盛科技,诊股类,,否
推荐明天买入的股票,推荐类,,否
烽火通信今天涨停的原因,诊股类,新闻类,是
今天九丰能源今天未能封板的原因是什么,诊股类,,否
宁波华翔后市如何,预测类,,否
捷超股份明天会高开直线拉升涨停吗,预测类,,否
来一只超短股票,推荐类,选股类,是
高成长高毛利率低估值绩优科技股,选股类,,否
火箭海上发射的公司有几个,选股类,知识库类,是
卫星充电电源概念股,选股类,,否
分析一下北矿检测未来的发展趋势。,预测类,,否
指南针的股民日记在哪里,知识库类,身份类,是
风险等级问题,知识库类,,否
中电鑫龙后面会怎么样的走势,预测类,,否
国内期货白天和夜盘怎么看,知识库类,,否
你真呆,通用类,,否
机器就是机器,通用类,,否
明日润和软件如何操作？,预测类,,否
大盘量能,知识库类,指标查询类,是
具体有那些股票,选股类,,否
康龙化成。腰骨,诊股类,选股类,是
600150的走势,诊股类,K线图类,是
方正电机利润为什么涨几千倍,诊股类,知识库类,是
分析一下润和软件,诊股类,,否
德固特分析一下,诊股类,,否
风险等级A5是最高的吗？,知识库类,,否
一日资金增长在百分之四以上的股票,选股类,,否
300170能帮我分析一下,诊股类,,否
你真笨,通用类,,否
分析一下富瑞特装,诊股类,,否
芒果超媒,诊股类,身份类,是
帮我分析下银轮股份,诊股类,,否
与火箭发射成绩有关的股票,选股类,,否
行业核心是什么意思,知识库类,,否
赵延鑫要晚上挂单量是多少,指标查询类,,否
豪能股份,诊股类,分时图类,是
601992股票资金流入还是流出,指标查询类,指标查询类,是
金发科技可以继续持有吗,诊股类,,否
康龙华真的大股东,指标查询类,知识库类,是
明日热门股,选股类,,否
帮我分析一下京东方a,诊股类,,否
帮我分析一下药明康德,诊股类,,否
乐普医疗明天适合买吗,预测类,,否
刚刚强势走强的板块有哪些,选股类,新闻类,是
600536未来的走势,预测类,,否
福安药业,诊股类,,否
值在25以上的个股找出来,选股类,,否
600282趋势,诊股类,K线图类,是
与火箭发射场地有关的股票,选股类,,否
可以继续持吗,诊股类,,否
洛阳钼业现在可以加仓吗,诊股类,,否
因用股票,选股类,,否
小米精选策略是什么？,策略类,,否
高管增持策略是什么？,策略类,,否
费雪创业板低估策略是什么？,策略类,,否
社保大量持仓策略是什么？,策略类,,否
上升三法策略是什么？,策略类,,否
戴维斯风格策略是什么？,策略类,,否
600570股票资金流入情况,指标查询类,,否
博纳影业1日多空资金有多少,指标查询类,,否
300803的概念板块是什么,指标查询类,,否
301299名字是什么？,指标查询类,,否
华西股份发行价格是多少,指标查询类,,否
帮我调一下比亚迪最近三个月的日K线图。,K线图类,,否
我想看下上证指数去年下半年的历史走势图。,K线图类,,否
能给我看一下腾讯控股的周K线走势吗？,K线图类,,否
发我一下东方财富今年以来的K线图。,K线图类,,否
帮我拉一下苹果公司过去五年的月K线形态图。,K线图类,,否
看看贵州茅台今天的分时图,分时图类,,否
帮我调出特斯拉昨天开盘到收盘的分时走势。,分时图类,,否
我想看一下宁德时代现在的分时图情况。,分时图类,,否
能给我调一下招商银行今天上午的分时波动图吗？,分时图类,,否
发一下深证成指今日最新的分时图。,分时图类,,否